run_id,n_agents,initial_li_equal,li_change_rate,schema_weight,claim_threshold,grant_threshold,mean_final_li,std_final_li,mean_final_fi,std_final_fi,time_to_li_stability,time_to_fi_stability,final_li_variance,final_fi_variance,mean_role_diff,max_role_diff,role_diff_variance,role_polarization,li_trend_slope,fi_trend_slope,li_trend_r2,fi_trend_r2,emergence_speed,leader_consistency,follower_consistency
experiment_20241211_144311_run_0068,6,True,0.3,0.5,0.6,0.4,0.5,0.0,0.350737416244776,0.22872644593867536,0,100,0.0,0.05231578707173778,0.14926258375522403,0.4311992945416997,0.052315787071737764,0.682316316348624,0.0,0.0,0.0,0.0,0.0,1.0,1.0
experiment_20241211_144311_run_0087,6,False,0.1,0.7,0.6,0.4,0.6530367083825013,0.2982360483082638,0.8833333333333333,0.2608745973749755,100,53,0.08894474051052903,0.06805555555555555,-0.230296624950832,0.7660961215879752,0.23795839744350097,0.6823163163486238,-0.0005607436028907167,0.0022887532630960577,0.3695523067053006,0.6427210831796658,1.0,0.9949494949494949,0.9966329966329966
experiment_20241211_144311_run_0091,6,False,0.3,0.3,0.6,0.4,0.4475584841412356,0.12722966999207613,0.7019422811788963,0.4259224277205023,17,0,0.016187388926292595,0.1814099144353265,-0.25438379703766073,0.7620569634292976,0.1561966507162661,0.8621678104251704,-0.0014512451245124501,0.0006628111237531994,0.7452672966627785,0.2658102568984706,1.0,0.9983164983164983,0.9949494949494949
experiment_20241211_144311_run_0029,4,False,0.1,0.3,0.6,0.4,0.5289283939061751,0.19327708446474554,0.702035442961751,0.4128189889969959,0,100,0.03735603137919238,0.17041951767650182,-0.1731070490555759,0.7465863225626973,0.23308442894969358,0.7314369419163895,0.00020583872955986542,0.0012637186487648618,0.10045956468199839,0.3097863909765986,1.0,1.0,0.994949494949495
experiment_20241211_144311_run_0117,8,True,0.3,0.3,0.6,0.4,0.5,0.0,0.29068169137674615,0.17479537639978202,0,0,0.0,0.030553423610741468,0.20931830862325387,0.41426158858837925,0.030553423610741468,0.8314144574157942,0.0,0.0,0.0,0.0,0.0,1.0,1.0
experiment_20241211_144311_run_0052,4,False,0.5,0.7,0.6,0.4,0.5713622303177465,0.4340848374776562,1.0,0.0,100,2,0.18842964612800317,0.0,-0.4286377696822536,0.9542220042802172,0.18842964612800317,0.9205976319760978,8.172707474573213e-05,0.0006091737187104182,0.05880588058805849,0.1268746350294343,1.0,1.0,0.994949494949495
experiment_20241211_144311_run_0140,8,False,0.1,0.5,0.6,0.4,0.4212936543483541,0.24931992815943907,0.9305754739730501,0.1836800307558404,0,26,0.06216042657742786,0.033738353698466485,-0.509281819624696,0.8340227196958389,0.17625160778720184,0.8771402396424413,3.207394918586443e-05,0.004579740919128452,0.1152115211521154,0.8300710487783122,1.0,1.0,0.9924242424242424
experiment_20241211_144311_run_0005,4,True,0.1,0.5,0.6,0.4,0.5,0.0,0.5864232277791338,0.3309070929274518,0,100,0.0,0.10949950414969722,-0.08642322777913383,0.4668518498257337,0.10949950414969722,0.7314369419163894,0.0,0.0,0.0,0.0,0.0,1.0,1.0
experiment_20241211_144311_run_0156,8,False,0.5,0.5,0.6,0.4,0.36449448130384077,0.15988268626271532,0.6129005690441189,0.4757364820878068,3,100,0.025562473366581857,0.2263252003892821,-0.24840608774027814,0.8196464237430099,0.2215125724954794,0.6759252917297884,-0.00021090368428059112,0.0002677944021576697,0.0869757913112786,0.04349951236523351,1.0,0.9974747474747475,0.994949494949495
experiment_20241211_144311_run_0013,4,True,0.3,0.5,0.6,0.4,0.5,0.0,0.7243211046766846,0.16162567516927373,0,0,0.0,0.026122858873923585,-0.2243211046766846,0.4470859894336694,0.026122858873923585,0.9205976319760983,0.0,0.0,0.0,0.0,0.0,1.0,1.0
experiment_20241211_144311_run_0101,6,False,0.5,0.3,0.6,0.4,0.8198289989194644,0.25619062864795167,1.0,0.0,100,2,0.06563363820703268,0.0,-0.18017100108053552,0.5866798402452827,0.06563363820703268,1.1396880664852496,0.00010816911773513893,0.00042311768093719723,0.08570427638730789,0.09131995851991964,1.0,1.0,0.9949494949494949
experiment_20241211_144311_run_0044,4,False,0.3,0.7,0.6,0.4,0.31584016651899316,0.08665254100935856,0.5,0.5,1,100,0.007508662863378566,0.25,-0.18415983348100692,0.8246457564680968,0.32794054847352827,0.9205976319760985,-0.001127877116101585,0.00010230314550060955,0.369520936177819,0.07711068183001794,1.0,0.994949494949495,0.9974747474747475
experiment_20241211_144311_run_0033,4,False,0.1,0.7,0.6,0.4,0.5916051820890376,0.4089483709751481,1.0,0.0,100,7,0.16723877012322735,0.0,-0.4083948179109624,0.8468709531700473,0.16723877012322735,0.9205976319760978,0.00015959688635012103,0.0017752694562354228,0.07719862555299217,0.3016227485361804,1.0,0.9974747474747475,0.994949494949495
experiment_20241211_144311_run_0064,6,True,0.3,0.3,0.6,0.4,0.5,0.0,0.2664499259943003,0.1968057268219241,0,0,0.0,0.03873249410990582,0.23355007400569971,0.44475225365344795,0.03873249410990582,0.7774602526460398,0.0,0.0,0.0,0.0,0.0,1.0,1.0
experiment_20241211_144311_run_0121,8,True,0.3,0.5,0.6,0.4,0.5,0.0,0.6430643188253067,0.1977129544922826,0,0,0.0,0.03909041237406741,-0.14306431882530662,0.4140127764953123,0.03909041237406741,0.7830229881682912,0.0,0.0,0.0,0.0,0.0,1.0,1.0
experiment_20241211_144311_run_0072,6,True,0.5,0.3,0.6,0.4,0.5,0.0,0.35339441264038857,0.29937667669116974,0,100,0.0,0.08962639454664918,0.1466055873596114,0.4898919444157983,0.08962639454664918,0.682316316348624,0.0,0.0,0.0,0.0,0.0,1.0,1.0
experiment_20241211_144311_run_0137,8,False,0.1,0.3,0.6,0.4,0.39290866429319693,0.1613857403508251,0.5,0.5,12,100,0.026045357188583935,0.25,-0.10709133570680304,0.5180695286445194,0.16035765942212726,0.8771402396424411,-0.0009942716939138258,0.0002584241823657041,0.3438899089914096,0.18138567765529703,1.0,0.98989898989899,1.0
experiment_20241211_144311_run_0025,4,True,0.5,0.7,0.6,0.4,0.5,0.0,0.42322562497414584,0.11005308851595352,0,0,0.0,0.012111682291900301,0.07677437502585413,0.19170573124206824,0.012111682291900301,1.2134661099511586,0.0,0.0,0.0,0.0,0.0,1.0,1.0
experiment_20241211_144311_run_0160,8,False,0.5,0.7,0.6,0.4,0.6367527443900939,0.2903958731575618,1.0,0.0,100,2,0.08432976314694275,0.0,-0.3632472556099061,0.6995740087890044,0.08432976314694275,0.877140239642441,0.0,0.00032935012476099603,0.0,0.06857673195577843,1.0,1.0,0.994949494949495
experiment_20241211_144311_run_0009,4,True,0.3,0.3,0.6,0.4,0.5,0.0,0.6353242289321774,0.24316409499758676,0,100,0.0,0.05912877709599539,-0.13532422893217744,0.3057265038110999,0.05912877709599539,1.2134661099511599,0.0,0.0,0.0,0.0,0.0,1.0,1.0
experiment_20241211_144311_run_0048,4,False,0.5,0.5,0.6,0.4,0.3727767053235686,0.12222441347769115,0.31334172259022847,0.3468505749601301,0,100,0.014938807249965613,0.12030532135017284,0.05943498273334011,0.5185267180740268,0.11629057772255251,0.7314369419163894,0.0,0.0,0.0,0.0,0.0,1.0,1.0
experiment_20241211_144311_run_0049,4,False,0.5,0.5,0.6,0.4,0.5189022330771544,0.2909765002981752,0.75,0.4330127018922193,100,100,0.08466732372577394,0.1875,-0.23109776692284562,1.0,0.5127162071871967,0.9205976319760981,-0.00019143740917353626,0.00019180781205915435,0.08358391807469487,0.061886310149666265,1.0,0.9974747474747475,0.994949494949495
experiment_20241211_144311_run_0008,4,True,0.1,0.7,0.6,0.4,0.5,0.0,0.3760901447233318,0.23543556724524753,0,100,0.0,0.05542990632409148,0.1239098552766682,0.4349739289211112,0.05542990632409148,0.9205976319760986,0.0,0.0,0.0,0.0,0.0,1.0,1.0
experiment_20241211_144311_run_0024,4,True,0.5,0.7,0.6,0.4,0.5,0.0,0.4654727502019189,0.26431481914432314,0,100,0.0,0.06986232361929626,0.03452724979808108,0.39717173398926076,0.06986232361929626,0.9205976319760979,0.0,0.0,0.0,0.0,0.0,1.0,1.0
experiment_20241211_144311_run_0161,8,False,0.5,0.7,0.6,0.4,0.4898858402994449,0.31685183410369383,1.0,0.0,100,2,0.10039508477487472,0.0,-0.5101141597005551,0.9125551276425737,0.10039508477487469,0.7830229881682907,-8.078809966548162e-05,0.0008965173872762021,0.06940617317896162,0.19303826422046738,1.0,0.9974747474747474,0.994949494949495
experiment_20241211_144311_run_0073,6,True,0.5,0.3,0.6,0.4,0.5,0.0,0.33603425639742257,0.16897002847310008,0,0,0.0,0.02855087052220025,0.1639657436025774,0.3496069029904465,0.02855087052220025,0.9392668535736912,0.0,0.0,0.0,0.0,0.0,1.0,1.0
experiment_20241211_144311_run_0136,8,False,0.1,0.3,0.6,0.4,0.6151480687362731,0.41909136894220106,1.0,0.0,100,0,0.17563757552184808,0.0,-0.38485193126372674,0.9967291128954628,0.17563757552184805,0.877140239642441,9.834609224779264e-05,0.0010186053330661327,0.07944825998412042,0.29025017434871564,1.0,1.0,0.9936868686868687
experiment_20241211_144311_run_0065,6,True,0.3,0.3,0.6,0.4,0.5,0.0,0.47321676068225754,0.31743186839420295,0,100,0.0,0.10076299107223458,0.026783239317742496,0.48957719098855,0.10076299107223458,0.8621678104251708,0.0,0.0,0.0,0.0,0.0,1.0,1.0
experiment_20241211_144311_run_0120,8,True,0.3,0.5,0.6,0.4,0.5,0.0,0.4771296941209424,0.3067176890966385,0,100,0.0,0.09407574080478218,0.022870305879057584,0.4885286511385296,0.09407574080478218,0.6154266812545586,0.0,0.0,0.0,0.0,0.0,1.0,1.0
experiment_20241211_144311_run_0032,4,False,0.1,0.5,0.6,0.4,0.7724799720769918,0.22816469385177734,1.0,0.0,0,1,0.05205912752047528,0.0,-0.22752002792300813,0.4792790498180802,0.05205912752047527,1.0770329614269,3.404221664818738e-05,0.00048242817714862424,0.029702970297029688,0.25068732439502683,1.0,1.0,0.9974747474747475
experiment_20241211_144311_run_0100,6,False,0.5,0.3,0.6,0.4,0.3484132264739805,0.20246123930198043,0.6236043142623466,0.45031746386186056,9,100,0.040990553419693786,0.2027858182589781,-0.27519108778836615,0.8925088575277083,0.19865294203731546,0.6823163163486238,-0.0006071129953303422,0.0001038085908784366,0.2240198848679784,0.13449336327925782,1.0,0.9932659932659932,1.0
experiment_20241211_144311_run_0045,4,False,0.5,0.3,0.6,0.4,0.430998345192954,0.15301591486477092,0.5753096885488966,0.4378412486496662,2,100,0.023413870201902824,0.19170495901909884,-0.14431134335594265,0.8276080068666729,0.2641499763738778,0.7314369419163894,-0.000147014701470147,1.0042564708878557e-05,0.05880588058805892,0.026881965628629424,1.0,0.9974747474747475,1.0
experiment_20241211_144311_run_0157,8,False,0.5,0.5,0.6,0.4,0.38556522656836417,0.2970550112497988,0.875,0.33071891388307384,100,100,0.08824167970861808,0.109375,-0.48943477343163583,1.0,0.351225373066527,0.8314144574157943,-0.0002274376866669486,0.0008076359917119698,0.13114358520449593,0.20604759309841625,1.0,0.9962121212121212,0.994949494949495
experiment_20241211_144311_run_0012,4,True,0.3,0.5,0.6,0.4,0.5,0.0,0.33441707428234485,0.23963631669233249,0,100,0.0,0.057425564277867866,0.16558292571765518,0.4138796118182265,0.05742556427786787,0.7314369419163895,0.0,0.0,0.0,0.0,0.0,1.0,1.0
experiment_20241211_144311_run_0141,8,False,0.1,0.7,0.6,0.4,0.8052707180096832,0.3446078434687722,0.8875,0.2976470224947665,100,0,0.11875456578019783,0.08859375000000001,-0.0822292819903168,0.9202831208563742,0.10771339883813306,1.1808365678619535,0.00015891501364332918,0.00021662615543427638,0.05908158413013636,0.08104324450362647,1.0,0.9974747474747475,0.9962121212121213
experiment_20241211_144311_run_0004,4,True,0.1,0.5,0.6,0.4,0.5,0.0,0.6059441771075912,0.31952827507360915,0,100,0.0,0.10209831857151604,-0.10594417710759119,0.4340284082893642,0.10209831857151604,0.7314369419163896,0.0,0.0,0.0,0.0,0.0,1.0,1.0
experiment_20241211_144311_run_0116,8,True,0.1,0.7,0.6,0.4,0.5,0.0,0.3792282497920375,0.30245856663528803,0,100,0.0,0.09148118453107297,0.12077175020796249,0.43977898549673433,0.09148118453107297,0.7314369419163897,0.0,0.0,0.0,0.0,0.0,1.0,1.0
experiment_20241211_144311_run_0053,4,False,0.5,0.7,0.6,0.4,0.5370708772929579,0.28959030682655823,0.8542006556762856,0.2525318720789023,100,100,0.08386254580790013,0.06377234641567509,-0.3171297783833278,0.7738394528892295,0.2826244173416534,0.9205976319760981,0.0,0.00029274335939201966,0.0,0.055525139942757755,1.0,1.0,0.994949494949495
experiment_20241211_144311_run_0028,4,False,0.1,0.3,0.6,0.4,0.5670370319639325,0.2655744352890294,0.5,0.5,6,100,0.07052978067908687,0.25,0.06703703196393246,1.0,0.41458741183814374,0.7314369419163895,-0.0005999512490479946,0.0007850439595670158,0.35639076288446087,0.3935470578499063,1.0,0.9924242424242424,0.9974747474747475
experiment_20241211_144311_run_0090,6,False,0.3,0.3,0.6,0.4,0.41259142748816663,0.15063111081151165,0.4326812584554445,0.4531449252404332,1,100,0.022689731544309904,0.2053403232711578,-0.020089830967277778,0.5823715643049714,0.15869761457651427,0.6823163163486238,-0.0001493881591183303,2.7741032027257424e-05,0.10106451434166505,0.035876957560700695,1.0,0.9966329966329966,1.0
experiment_20241211_144311_run_0069,6,True,0.3,0.7,0.6,0.4,0.5,0.0,0.5440830609980531,0.29572465462798375,0,100,0.0,0.08745307135484028,-0.04408306099805313,0.4687459069451402,0.08745307135484026,0.77746025264604,0.0,0.0,0.0,0.0,0.0,1.0,1.0
experiment_20241211_144311_run_0086,6,False,0.1,0.5,0.6,0.4,0.4224993421476319,0.16634078364748398,0.4669863113821007,0.3752257688914296,0,100,0.02766925630445907,0.14079437764016456,-0.0444869692344688,0.8985196380277983,0.22932982360669896,0.7774602526460401,0.0,0.0,0.0,0.0,0.0,1.0,1.0
experiment_20241211_144311_run_0035,4,False,0.1,0.7,0.6,0.4,0.5323783398079204,0.29215755082265166,0.8434060981911161,0.27122859408843886,100,0,0.08535603450269028,0.07356495025119113,-0.31102775838319574,0.7561118030465618,0.305374385433533,0.9205976319760981,1.898780006851395e-05,0.0005156670547501257,0.036846435517206476,0.23707231488053185,1.0,1.0,0.9974747474747475
experiment_20241211_144311_run_0062,6,True,0.1,0.7,0.6,0.4,0.5,0.0,0.5369656683802478,0.24846007162747866,0,100,0.0,0.061732407193131826,-0.03696566838024775,0.4337173399117654,0.06173240719313181,0.77746025264604,0.0,0.0,0.0,0.0,0.0,1.0,1.0
experiment_20241211_144311_run_0127,8,True,0.5,0.3,0.6,0.4,0.5,0.0,0.5009834132399664,0.2542468176392509,0,100,0.0,0.06464144427968649,-0.000983413239966438,0.4105494559555759,0.06464144427968649,0.6759252917297885,0.0,0.0,0.0,0.0,0.0,1.0,1.0
experiment_20241211_144311_run_0074,6,True,0.5,0.3,0.6,0.4,0.5,0.0,0.3595311834240596,0.12635190494439866,0,0,0.0,0.015964803883078353,0.14046881657594035,0.3217478975073419,0.015964803883078357,0.9392668535736908,0.0,0.0,0.0,0.0,0.0,1.0,1.0
experiment_20241211_144311_run_0131,8,True,0.5,0.5,0.6,0.4,0.5,0.0,0.7194920436228858,0.2816757126142812,0,100,0.0,0.07934120707676312,-0.2194920436228857,0.44620721781688344,0.07934120707676312,0.7314369419163896,0.0,0.0,0.0,0.0,0.0,1.0,1.0
experiment_20241211_144311_run_0023,4,True,0.5,0.5,0.6,0.4,0.5,0.0,0.4645482661479048,0.33788726150519705,0,100,0.0,0.11416780148748143,0.03545173385209516,0.456882519502681,0.11416780148748144,0.7314369419163896,0.0,0.0,0.0,0.0,0.0,1.0,1.0
experiment_20241211_144311_run_0058,6,True,0.1,0.5,0.6,0.4,0.5,0.0,0.6408279162230929,0.3009159179646421,0,100,0.0,0.09055038968450324,-0.1408279162230929,0.48147898062726646,0.09055038968450323,0.7774602526460399,0.0,0.0,0.0,0.0,0.0,1.0,1.0
experiment_20241211_144311_run_0019,4,True,0.5,0.3,0.6,0.4,0.5,0.0,0.844211754680031,0.23785444483097612,0,100,0.0,0.05657473692585187,-0.344211754680031,0.4980928561898915,0.05657473692585186,1.2134661099511592,0.0,0.0,0.0,0.0,0.0,1.0,1.0
experiment_20241211_144311_run_0039,4,False,0.3,0.5,0.6,0.4,0.6614354035175404,0.3475822652587789,1.0,0.0,100,9,0.12081343112242411,0.0,-0.3385645964824596,0.7883716770354704,0.12081343112242411,0.9205976319760977,1.329739043677351e-05,0.001378171234274854,0.02970297029702985,0.2679964929464005,1.0,1.0,0.994949494949495
experiment_20241211_144311_run_0081,6,False,0.1,0.3,0.6,0.4,0.3694684111011129,0.3257000864878638,0.7053180314344032,0.4220861395386215,100,100,0.10608054633820196,0.17815670919061669,-0.3358496203332902,0.8240940989149697,0.34045684151526157,0.6823163163486239,1.4404084249503371e-05,0.00040660316982391715,0.002504997864852391,0.3642998409365109,1.0,1.0,0.9983164983164983
experiment_20241211_144311_run_0078,6,True,0.5,0.7,0.6,0.4,0.5,0.0,0.5075141624760918,0.285068860811387,0,100,0.0,0.08126425540430192,-0.007514162476091786,0.4794331882883761,0.08126425540430192,0.7774602526460398,0.0,0.0,0.0,0.0,0.0,1.0,1.0
experiment_20241211_144311_run_0097,6,False,0.3,0.7,0.6,0.4,0.2746326121374573,0.18747743510256085,0.45982650700463085,0.4319345938996474,1,100,0.03514778867263491,0.1865674934072533,-0.1851938948671735,0.8940384078759102,0.160194130615767,0.6823163163486237,-2.970297029702973e-05,-2.7502516838853574e-05,0.02970297029702978,0.029702970297029983,0.0,1.0,1.0
experiment_20241211_144311_run_0111,8,True,0.1,0.5,0.6,0.4,0.5,0.0,0.53448402217114,0.37541030664762703,0,100,0.0,0.14093289833726536,-0.03448402217113994,0.4917972811844795,0.14093289833726536,0.6759252917297885,0.0,0.0,0.0,0.0,0.0,1.0,1.0
experiment_20241211_144311_run_0054,6,True,0.1,0.3,0.6,0.4,0.5,0.0,0.5325502430464012,0.3673504655153743,0,100,0.0,0.13494636451436223,-0.03255024304640125,0.4612594983255709,0.13494636451436223,0.7774602526460399,0.0,0.0,0.0,0.0,0.0,1.0,1.0
experiment_20241211_144311_run_0146,8,False,0.3,0.3,0.6,0.4,0.4919924695333766,0.3091716224724526,0.875,0.33071891388307384,100,100,0.09558709214224878,0.109375,-0.38300753046662345,1.0,0.33196397475890466,0.8314144574157941,-0.0013548096123830572,0.0005156255241754121,0.5479938083250296,0.1116447567444647,1.0,0.9974747474747475,0.994949494949495
experiment_20241211_144311_run_0003,4,True,0.1,0.5,0.6,0.4,0.5,0.0,0.6701092090998559,0.12149929001602397,0,0,0.0,0.014762077474397901,-0.17010920909985588,0.2961133044600447,0.0147620774743979,1.077032961426901,0.0,0.0,0.0,0.0,0.0,1.0,1.0
experiment_20241211_144311_run_0150,8,False,0.3,0.7,0.6,0.4,0.6714030742918978,0.4292746933163192,1.0,0.0,100,7,0.1842767623218199,0.0,-0.32859692570810217,0.9907556535997276,0.1842767623218199,1.0401322031357352,0.00016185553694116067,0.0010842658316233896,0.11452605489163621,0.2045772679259509,1.0,0.9974747474747475,0.9936868686868687
experiment_20241211_144311_run_0015,4,True,0.3,0.7,0.6,0.4,0.5,0.0,0.4264552860820742,0.20242917150793777,0,0,0.0,0.040977569477390084,0.07354471391792577,0.34355801538886943,0.040977569477390084,0.9205976319760979,0.0,0.0,0.0,0.0,0.0,1.0,1.0
experiment_20241211_144311_run_0107,6,False,0.5,0.7,0.6,0.4,0.3701058933830188,0.30298340771009147,0.8688493178608289,0.29326184055865395,100,100,0.09179894534761951,0.08600250712784936,-0.4987434244778102,0.9179743001449668,0.3430235359919905,0.7774602526460399,0.0,0.0008400552895154,0.0,0.35518529666698667,1.0,1.0,0.9983164983164983
experiment_20241211_144311_run_0042,4,False,0.3,0.7,0.6,0.4,1.0,0.0,1.0,0.0,0,1,0.0,0.0,0.0,0.0,0.0,1.5524174696260011,3.723431369822118e-05,0.0003629741213849845,0.02970297029702959,0.08566448971688992,1.0,1.0,0.994949494949495
experiment_20241211_144311_run_0106,6,False,0.5,0.7,0.6,0.4,0.6560503009741129,0.24809485592460281,1.0,0.0,0,1,0.06155105753624943,0.0,-0.343949699025887,0.6136653358473562,0.061551057536249426,0.9392668535736909,-0.0001530551944293486,0.0005783162770530054,0.08345945963164077,0.15613192527553377,1.0,0.9949494949494949,0.9915824915824917
experiment_20241211_144311_run_0043,4,False,0.3,0.7,0.6,0.4,0.3642663872907759,0.18479791911185406,0.3401066262440453,0.18035313741784373,0,0,0.03415027090807135,0.03252725417645962,0.024159761046730538,0.32022702123449087,0.03055664127901252,1.2134661099511599,0.0,0.0,0.0,0.0,0.0,1.0,1.0
experiment_20241211_144311_run_0151,8,False,0.3,0.7,0.6,0.4,0.3585094833003978,0.17272976210244423,0.5467475705236279,0.3297135517324083,3,100,0.02983557071596698,0.1087110261959995,-0.1882380872232301,0.4535588965170787,0.06012643578880336,0.7314369419163896,-0.00023109810981098095,-2.4050700966306384e-05,0.20041187145947073,0.024206552865958488,1.0,0.9987373737373737,1.0
experiment_20241211_144311_run_0014,4,True,0.3,0.5,0.6,0.4,0.5,0.0,0.4364337943233806,0.14736297375926302,0,0,0.0,0.02171584603517324,0.06356620567661944,0.264379657732983,0.021715846035173243,0.9205976319760983,0.0,0.0,0.0,0.0,0.0,1.0,1.0
experiment_20241211_144311_run_0147,8,False,0.3,0.5,0.6,0.4,0.31295569972692605,0.3052537821111459,0.9111614762029157,0.23504464080917892,100,100,0.09317987149315894,0.05524598317311594,-0.5982057764759895,0.9724596424577242,0.2704978575051962,1.040132203135736,0.0,0.0009623418218626302,0.0,0.3301412935416114,1.0,1.0,0.9962121212121212
experiment_20241211_144311_run_0002,4,True,0.1,0.3,0.6,0.4,0.5,0.0,0.3801545045948303,0.28461884232760876,0,100,0.0,0.08100788540790821,0.1198454954051697,0.35729367355677155,0.08100788540790821,0.9205976319760985,0.0,0.0,0.0,0.0,0.0,1.0,1.0
experiment_20241211_144311_run_0110,8,True,0.1,0.3,0.6,0.4,0.5,0.0,0.6237654067365274,0.23448745362269416,0,100,0.0,0.05498436590645515,-0.12376540673652739,0.3969863306573377,0.05498436590645515,0.8314144574157946,0.0,0.0,0.0,0.0,0.0,1.0,1.0
experiment_20241211_144311_run_0055,6,True,0.1,0.3,0.6,0.4,0.5,0.0,0.3718523277916785,0.3380762196730269,0,100,0.0,0.11429553030840477,0.12814767220832152,0.46668072971579144,0.11429553030840477,0.682316316348624,0.0,0.0,0.0,0.0,0.0,1.0,1.0
experiment_20241211_144311_run_0079,6,True,0.5,0.7,0.6,0.4,0.5,0.0,0.4211119876837041,0.254504838103521,0,100,0.0,0.06477271261809942,0.07888801231629593,0.4700068484243407,0.06477271261809943,0.6823163163486237,0.0,0.0,0.0,0.0,0.0,1.0,1.0
experiment_20241211_144311_run_0096,6,False,0.3,0.7,0.6,0.4,0.7876493488148659,0.2125520386738848,1.0,0.0,0,1,0.04517836914442463,0.0,-0.212350651185134,0.4395227596603095,0.04517836914442463,1.0770329614269,0.0,0.000660279676882278,0.0,0.1430884357427366,1.0,1.0,0.9932659932659934
experiment_20241211_144311_run_0080,6,True,0.5,0.7,0.6,0.4,0.5,0.0,0.5578215231704702,0.36922739793054954,0,100,0.0,0.1363288713825644,-0.057821523170470235,0.4679927317646294,0.1363288713825644,0.7774602526460399,0.0,0.0,0.0,0.0,0.0,1.0,1.0
experiment_20241211_144311_run_0038,4,False,0.3,0.3,0.6,0.4,0.2624399338713607,0.24487705779556976,0.6863166139945808,0.40966453099656563,100,100,0.059964773434614815,0.16782502795663606,-0.4238766801232201,0.9633662906234534,0.12329981444917495,0.7314369419163894,-0.0014221422142214216,0.00028501844506040536,0.49932993299329764,0.20073271451126798,1.0,0.9974747474747475,0.9974747474747475
experiment_20241211_144311_run_0018,4,True,0.5,0.3,0.6,0.4,0.5,0.0,0.8433851594476851,0.17584353284804485,0,0,0.0,0.030920948044481426,-0.34338515944768505,0.49153591107942685,0.03092094804448143,0.9205976319760982,0.0,0.0,0.0,0.0,0.0,1.0,1.0
experiment_20241211_144311_run_0059,6,True,0.1,0.5,0.6,0.4,0.5,0.0,0.6529272025910139,0.27091760599470843,0,100,0.0,0.07339634923790407,-0.15292720259101394,0.47317681463289396,0.07339634923790407,0.682316316348624,0.0,0.0,0.0,0.0,0.0,1.0,1.0
experiment_20241211_144311_run_0022,4,True,0.5,0.5,0.6,0.4,0.5,0.0,0.6384307080690939,0.34485584513098333,0,100,0.0,0.11892555392100475,-0.13843070806909394,0.48536525002403685,0.11892555392100476,0.7314369419163896,0.0,0.0,0.0,0.0,0.0,1.0,1.0
experiment_20241211_144311_run_0075,6,True,0.5,0.5,0.6,0.4,0.5,0.0,0.5009127530839317,0.23125817168413276,0,100,0.0,0.05348034197068782,-0.0009127530839316278,0.36191105590059247,0.05348034197068782,0.7774602526460398,0.0,0.0,0.0,0.0,0.0,1.0,1.0
experiment_20241211_144311_run_0130,8,True,0.5,0.5,0.6,0.4,0.5,0.0,0.41064739874293427,0.30536568602574454,0,100,0.0,0.0932482022019736,0.08935260125706572,0.4856949775937275,0.0932482022019736,0.7830229881682913,0.0,0.0,0.0,0.0,0.0,1.0,1.0
experiment_20241211_144311_run_0063,6,True,0.3,0.3,0.6,0.4,0.5,0.0,0.6018587578195455,0.1838322372525972,0,0,0.0,0.03379429145329519,-0.1018587578195454,0.3833688233707825,0.0337942914532952,0.9392668535736914,0.0,0.0,0.0,0.0,0.0,1.0,1.0
experiment_20241211_144311_run_0126,8,True,0.5,0.3,0.6,0.4,0.5,0.0,0.3312010174884844,0.30513812635646775,0,100,0.0,0.09310927615633567,0.1687989825115156,0.46114658552995624,0.09310927615633567,0.7830229881682913,0.0,0.0,0.0,0.0,0.0,1.0,1.0
experiment_20241211_144311_run_0034,4,False,0.1,0.7,0.6,0.4,0.7552213767065059,0.24488997523557543,0.8500000000000001,0.25980762113533157,0,0,0.059971099970880744,0.06749999999999998,-0.09477862329349407,0.4999999999999999,0.05717033900673607,1.2134661099511586,9.115894850286921e-05,0.003436144974090964,0.005937498310189096,0.32123889263948924,1.0,0.994949494949495,0.9772727272727273
experiment_20241211_144311_run_0109,8,True,0.1,0.3,0.6,0.4,0.5,0.0,0.5096540275758911,0.3101917340169164,0,100,0.0,0.09621891185242143,-0.009654027575891011,0.4840929215784665,0.09621891185242144,0.7314369419163892,0.0,0.0,0.0,0.0,0.0,1.0,1.0
experiment_20241211_144311_run_0148,8,False,0.3,0.5,0.6,0.4,0.6653446926549436,0.3723091471534414,1.0,0.0,100,3,0.13861410105412286,0.0,-0.33465530734505644,0.9168688370749786,0.13861410105412286,0.9205976319760978,1.4169452521665595e-06,0.0008258744316638567,0.05880588058805909,0.15615044979382817,1.0,1.0,0.9936868686868687
experiment_20241211_144311_run_0021,4,True,0.5,0.5,0.6,0.4,0.5,0.0,0.25703496196878417,0.07674864948085995,0,0,0.0,0.005890355197135905,0.24296503803121583,0.3276718941837966,0.005890355197135905,1.2134661099511597,0.0,0.0,0.0,0.0,0.0,1.0,1.0
experiment_20241211_144311_run_0133,8,True,0.5,0.7,0.6,0.4,0.5,0.0,0.6781095597879072,0.24723259257224484,0,100,0.0,0.06112395482999361,-0.17810955978790718,0.4380278461541608,0.06112395482999361,0.7314369419163896,0.0,0.0,0.0,0.0,0.0,1.0,1.0
experiment_20241211_144311_run_0099,6,False,0.5,0.3,0.6,0.4,0.3033973419537859,0.21571259178401853,0.3361000619532073,0.36159068586154,1,100,0.04653192225417862,0.1307478241018189,-0.03270271999942137,0.6109987008596076,0.16453961212181437,0.5715476066494081,-4.950495049504945e-05,0.0,0.02970297029702965,0.0,1.0,0.9983164983164983,1.0
experiment_20241211_144311_run_0076,6,True,0.5,0.5,0.6,0.4,0.5,0.0,0.631803523366405,0.2967701982664295,0,100,0.0,0.08807255057909587,-0.13180352336640505,0.42812827346191473,0.08807255057909587,0.682316316348624,0.0,0.0,0.0,0.0,0.0,1.0,1.0
experiment_20241211_144311_run_0125,8,True,0.3,0.7,0.6,0.4,0.5,0.0,0.4872033342627531,0.24199604414195425,0,100,0.0,0.05856208538035467,0.012796665737246901,0.4198528578826749,0.058562085380354664,0.7314369419163897,0.0,0.0,0.0,0.0,0.0,1.0,1.0
experiment_20241211_144311_run_0060,6,True,0.1,0.7,0.6,0.4,0.5,0.0,0.5244650708590333,0.3265515953299758,0,100,0.0,0.10663594441255227,-0.024465070859033267,0.4931919916088925,0.10663594441255227,0.6823163163486239,0.0,0.0,0.0,0.0,0.0,1.0,1.0
experiment_20241211_144311_run_0037,4,False,0.3,0.3,0.6,0.4,0.3576126304452364,0.38705361447580666,0.75,0.4330127018922193,100,100,0.14981050047878638,0.1875,-0.3923873695547636,1.0,0.6585041852561682,0.9205976319760985,-8.910891089108912e-05,0.0001797263017272552,0.0297029702970299,0.0599953739688675,1.0,0.9974747474747475,0.994949494949495
experiment_20241211_144311_run_0040,4,False,0.3,0.5,0.6,0.4,0.5044215998339848,0.29564453611539104,0.75,0.4330127018922193,100,100,0.08740569173488476,0.1875,-0.24557840016601518,1.0,0.5226948918178923,1.2134661099511592,-0.0013335193623518202,0.0001254669113176037,0.2613592605567145,0.0804626532132556,1.0,0.994949494949495,0.9974747474747475
experiment_20241211_144311_run_0105,6,False,0.5,0.7,0.6,0.4,0.6024976040277378,0.29836882412481835,1.0,0.0,100,6,0.0890239552096268,0.0,-0.39750239597226217,0.717880926921774,0.08902395520962682,0.8621678104251702,-9.900990099009904e-05,0.002009335122555728,0.029702970297029622,0.2875285369218289,1.0,0.9966329966329966,0.9932659932659932
experiment_20241211_144311_run_0017,4,True,0.3,0.7,0.6,0.4,0.5,0.0,0.33125380619722367,0.3766799299792289,0,100,0.0,0.14188776964915678,0.16874619380277633,0.4941804199702964,0.14188776964915678,0.9205976319760985,0.0,0.0,0.0,0.0,0.0,1.0,1.0
experiment_20241211_144311_run_0152,8,False,0.3,0.7,0.6,0.4,0.602370760189086,0.31628483599098467,1.0,0.0,100,3,0.10003609747784409,0.0,-0.397629239810914,0.7371537201281576,0.10003609747784409,0.877140239642441,3.2640704754810346e-06,0.0008219841691746668,0.02970297029702985,0.22951845512669947,1.0,1.0,0.9962121212121213
experiment_20241211_144311_run_0001,4,True,0.1,0.3,0.6,0.4,0.5,0.0,0.45683318677216833,0.22088931144544266,0,0,0.0,0.04879208791084176,0.043166813227831724,0.27529476979637557,0.04879208791084176,0.9205976319760986,0.0,0.0,0.0,0.0,0.0,1.0,1.0
experiment_20241211_144311_run_0144,8,False,0.3,0.3,0.6,0.4,0.4809500316800933,0.21388356344151432,0.75,0.4330127018922193,46,100,0.04574617871044029,0.1875,-0.2690499683199067,1.0,0.3795847711019507,1.0018732454756936,-0.0020545115573053713,0.00013787150805467997,0.7695207624697057,0.1847602493845984,1.0,0.9962121212121213,1.0
experiment_20241211_144311_run_0056,6,True,0.1,0.3,0.6,0.4,0.5,0.0,0.19808352881552352,0.13488970332540925,0,0,0.0,0.018195232063216927,0.30191647118447645,0.47650991025994005,0.01819523206321693,0.9392668535736913,0.0,0.0,0.0,0.0,0.0,1.0,1.0
experiment_20241211_144311_run_0113,8,True,0.1,0.5,0.6,0.4,0.5,0.0,0.3415966413498263,0.19796553636655662,0,0,0.0,0.039190353588898455,0.1584033586501737,0.41862047640141087,0.039190353588898455,0.877140239642441,0.0,0.0,0.0,0.0,0.0,1.0,1.0
experiment_20241211_144311_run_0095,6,False,0.3,0.5,0.6,0.4,0.4074902768405724,0.06614786613119497,0.8333333333333334,0.372677996249965,24,0,0.004375540193710491,0.13888888888888892,-0.42584305649276094,0.7249542555690492,0.14975102549548458,0.9392668535736909,-0.001978008357478753,0.0005850419402610699,0.6141730638345516,0.16077694820912644,1.0,0.9966329966329966,0.9932659932659932
experiment_20241211_144311_run_0129,8,True,0.5,0.5,0.6,0.4,0.5,0.0,0.5587237049090015,0.26971671434362027,0,100,0.0,0.07274710599631806,-0.058723704909001403,0.39682884328120116,0.07274710599631806,0.7830229881682913,0.0,0.0,0.0,0.0,0.0,1.0,1.0
experiment_20241211_144311_run_0083,6,False,0.1,0.3,0.6,0.4,0.36931918450106727,0.17047616619713687,0.5,0.5,52,100,0.029062123241273833,0.25,-0.1306808154989327,0.8992537046988696,0.2663327231232119,0.6823163163486238,-0.0006899960385631294,0.0015752231866177613,0.4756369101098291,0.49738681484227637,1.0,0.9865319865319865,0.9966329966329966
experiment_20241211_144311_run_0128,8,True,0.5,0.3,0.6,0.4,0.5,0.0,0.5011105838573138,0.30700474346562073,0,100,0.0,0.09425191251039161,-0.0011105838573138294,0.45784038200291977,0.09425191251039161,0.7314369419163895,0.0,0.0,0.0,0.0,0.0,1.0,1.0
experiment_20241211_144311_run_0082,6,False,0.1,0.3,0.6,0.4,1.0,0.0,1.0,0.0,0,0,0.0,0.0,0.0,0.0,0.0,1.5524174696260011,8.86514918351616e-05,0.00047283152147621844,0.06934529771784521,0.12605261095487022,1.0,1.0,0.9983164983164983
experiment_20241211_144311_run_0094,6,False,0.3,0.5,0.6,0.4,0.2653336221166666,0.16667660051140007,0.7470825975186909,0.3473632467632594,15,0,0.027781089158036853,0.12066122520191307,-0.4817489754020244,0.9297755571036884,0.11968890190563052,0.7774602526460399,-0.0007275349152734923,0.0006575584008691404,0.37522890724298286,0.1570822331959838,1.0,0.9983164983164983,0.9932659932659934
experiment_20241211_144311_run_0057,6,True,0.1,0.5,0.6,0.4,0.5,0.0,0.5158679318347446,0.2272821745078303,0,100,0.0,0.05165718684900783,-0.01586793183474457,0.43044249767966614,0.05165718684900783,0.77746025264604,0.0,0.0,0.0,0.0,0.0,1.0,1.0
experiment_20241211_144311_run_0112,8,True,0.1,0.5,0.6,0.4,0.5,0.0,0.5821185629863141,0.33970488366209584,0,100,0.0,0.11539940798387807,-0.08211856298631419,0.49934592012995194,0.11539940798387807,0.7314369419163895,0.0,0.0,0.0,0.0,0.0,1.0,1.0
experiment_20241211_144311_run_0000,4,True,0.1,0.3,0.6,0.4,0.5,0.0,0.6542509266979281,0.3338270448542546,0,100,0.0,0.11144049587612449,-0.15425092669792806,0.4756223516367559,0.11144049587612449,0.9205976319760985,0.0,0.0,0.0,0.0,0.0,1.0,1.0
experiment_20241211_144311_run_0145,8,False,0.3,0.3,0.6,0.4,0.36768487684820034,0.12684605647835312,0.75,0.4330127018922193,44,0,0.01608992204410955,0.1875,-0.3823151231517997,0.848484933464818,0.21974748362000937,0.783022988168291,-0.0021801495180444534,-0.00022664711161922977,0.7389934187542735,0.04292625526139449,1.0,0.9962121212121212,0.9962121212121213
experiment_20241211_144311_run_0016,4,True,0.3,0.7,0.6,0.4,0.5,0.0,0.35754990864431874,0.28991271496653215,0,100,0.0,0.08404938229926573,0.1424500913556813,0.36151881227808436,0.08404938229926574,0.9205976319760985,0.0,0.0,0.0,0.0,0.0,1.0,1.0
experiment_20241211_144311_run_0153,8,False,0.5,0.3,0.6,0.4,0.25504073255977566,0.16422973907927188,0.6442467587631631,0.4614212994718145,12,100,0.026971407198045718,0.21290961560625793,-0.38920602620338746,0.9656496114879916,0.330706104266861,0.7314369419163896,-0.0006401890189018904,3.454136038176411e-05,0.2974624444411092,0.010164718605991632,1.0,0.9974747474747475,0.9974747474747475
experiment_20241211_144311_run_0041,4,False,0.3,0.5,0.6,0.4,0.4171250545010039,0.3537933577550601,0.8725300004681859,0.2207845156298831,100,0,0.12516973999159994,0.0487458023419221,-0.45540494596718195,0.9553951403237548,0.32251368039324857,0.9205976319760982,1.0530708439429203e-05,0.0006997990551165177,0.029702970297029535,0.22206600316176142,1.0,1.0,0.994949494949495
experiment_20241211_144311_run_0104,6,False,0.5,0.5,0.6,0.4,0.4670344944359072,0.260108869981958,0.8333333333333334,0.372677996249965,100,100,0.06765662424329112,0.13888888888888892,-0.3662988388974262,1.0,0.3842006816535443,0.7774602526460398,-4.95049504950495e-05,0.0005012338100770994,0.02970297029702963,0.20788860367980952,1.0,0.9983164983164983,0.9949494949494949
experiment_20241211_144311_run_0036,4,False,0.3,0.3,0.6,0.4,0.7342449020256786,0.268061891325087,1.0,0.0,100,4,0.07185717758078275,0.0,-0.2657550979743214,0.581136912169678,0.07185717758078275,1.0770329614269,2.495271595748209e-05,0.000825624163634965,0.05880588058805886,0.1522957861660822,1.0,1.0,0.9924242424242425
experiment_20241211_144311_run_0124,8,True,0.3,0.7,0.6,0.4,0.5,0.0,0.5882869707461635,0.3285347768747119,0,100,0.0,0.10793509961611673,-0.08828697074616351,0.4816045667709544,0.10793509961611673,0.8314144574157939,0.0,0.0,0.0,0.0,0.0,1.0,1.0
experiment_20241211_144311_run_0061,6,True,0.1,0.7,0.6,0.4,0.5,0.0,0.552004515185483,0.16154434711953142,0,0,0.0,0.02609657608627566,-0.052004515185482936,0.23998314434142953,0.02609657608627566,0.7774602526460398,0.0,0.0,0.0,0.0,0.0,1.0,1.0
experiment_20241211_144311_run_0132,8,True,0.5,0.7,0.6,0.4,0.5,0.0,0.5349672093232862,0.3267123416715342,0,100,0.0,0.10674095420049728,-0.034967209323286313,0.4865222064144009,0.10674095420049727,0.6759252917297887,0.0,0.0,0.0,0.0,0.0,1.0,1.0
experiment_20241211_144311_run_0098,6,False,0.3,0.7,0.6,0.4,0.3969853751760913,0.09695582763819505,0.6666666666666666,0.4714045207910317,16,100,0.009400432513007387,0.22222222222222224,-0.26968129149057535,0.6000000000000001,0.22760315497001807,1.0770329614269003,-0.0020054578503204447,0.0003305362600222417,0.41726458623045687,0.14855355457347677,1.0,0.98989898989899,0.9966329966329966
experiment_20241211_144311_run_0077,6,True,0.5,0.5,0.6,0.4,0.5,0.0,0.5222387535042421,0.35219802396624783,0,100,0.0,0.12404344808572969,-0.02223875350424211,0.48332163919928817,0.12404344808572969,0.682316316348624,0.0,0.0,0.0,0.0,0.0,1.0,1.0
experiment_20241211_144311_run_0020,4,True,0.5,0.3,0.6,0.4,0.5,0.0,0.7517235120653849,0.16236058063537542,0,0,0.0,0.026360958144256246,-0.25172351206538496,0.42607275921826304,0.026360958144256246,0.9205976319760985,0.0,0.0,0.0,0.0,0.0,1.0,1.0
experiment_20241211_144311_run_0149,8,False,0.3,0.5,0.6,0.4,0.39125784441915373,0.1371794868172881,0.2694772323585732,0.42324214148335243,5,100,0.018818211603454517,0.1791339103274141,0.12178061206058052,0.899008469858679,0.24871598638636866,1.001873245475694,-0.00032155715571557155,-3.008229832944856e-05,0.15034934168263372,0.07344384914678156,1.0,0.9974747474747475,1.0
experiment_20241211_144311_run_0108,8,True,0.1,0.3,0.6,0.4,0.5,0.0,0.5817927277532845,0.21551590313614716,0,0,0.0,0.046447104504589165,-0.08179272775328453,0.4165420505570774,0.046447104504589165,0.7830229881682909,0.0,0.0,0.0,0.0,0.0,1.0,1.0
experiment_20241211_144311_run_0046,4,False,0.5,0.3,0.6,0.4,0.2709059705992293,0.13246160421332873,0.46670563889878247,0.4690748152930376,3,100,0.01754607659076855,0.2200311823421973,-0.19579966829955323,0.8111309269739362,0.31430726750956806,0.7314369419163896,-0.00032120547240456986,0.00015149396895930192,0.0811059365695339,0.04779559853951506,1.0,0.9974747474747475,0.994949494949495
experiment_20241211_144311_run_0103,6,False,0.5,0.5,0.6,0.4,0.7463318424929483,0.3591479196023321,1.0,0.0,100,2,0.12898722815468322,0.0,-0.2536681575070518,0.7906098717907993,0.12898722815468322,1.1396880664852496,3.154751319167709e-05,0.0003478632134249189,0.029702970297029535,0.05780143076374055,1.0,0.9983164983164983,0.9949494949494949
experiment_20241211_144311_run_0011,4,True,0.3,0.3,0.6,0.4,0.5,0.0,0.5705205627857616,0.27504225395971676,0,100,0.0,0.07564824146324133,-0.07052056278576163,0.3951752257146729,0.07564824146324133,0.9205976319760986,0.0,0.0,0.0,0.0,0.0,1.0,1.0
experiment_20241211_144311_run_0154,8,False,0.5,0.3,0.6,0.4,0.3109630517489643,0.19511588452835568,0.5746888498010131,0.3878072148069933,5,100,0.03807020839528263,0.15039443585635748,-0.2637257980520488,0.9221942498040273,0.1669822200295195,0.6759252917297884,-0.0002516501650165017,-8.711560903358736e-07,0.1285307408000561,1.7787833913711303e-05,1.0,0.9974747474747475,0.9987373737373737
experiment_20241211_144311_run_0007,4,True,0.1,0.7,0.6,0.4,0.5,0.0,0.6103726565070751,0.36547308700687003,0,100,0.0,0.1335705773263312,-0.11037265650707506,0.4957544855553917,0.1335705773263312,0.7314369419163896,0.0,0.0,0.0,0.0,0.0,1.0,1.0
experiment_20241211_144311_run_0142,8,False,0.1,0.7,0.6,0.4,0.5777967088195539,0.35943103571383306,1.0,0.0,100,31,0.12919066943431873,0.0,-0.4222032911804462,0.9822183406536287,0.12919066943431873,0.8314144574157939,0.00013270450864996916,0.002894190531577594,0.17541404294604868,0.6371927757998919,1.0,1.0,0.994949494949495
experiment_20241211_144311_run_0050,4,False,0.5,0.5,0.6,0.4,0.31494689289561195,0.15248843793526504,0.4974053252448749,0.2881584606261149,0,100,0.023252723703937175,0.0830352984304122,-0.18245843234926293,0.367421511549229,0.029294513927104426,0.9205976319760983,-8.773712169565627e-05,0.00020886085595433064,0.04000070639672528,0.052541706965371415,0.5,0.9949494949494949,0.9974747474747475
experiment_20241211_144311_run_0115,8,True,0.1,0.7,0.6,0.4,0.5,0.0,0.6124081591095509,0.3202365465521321,0,100,0.0,0.10255144574763585,-0.11240815910955101,0.4608383892360812,0.10255144574763585,0.6759252917297888,0.0,0.0,0.0,0.0,0.0,1.0,1.0
experiment_20241211_144311_run_0093,6,False,0.3,0.5,0.6,0.4,0.43945869588153985,0.2782493484383496,0.8704525050975654,0.2896770049166511,100,100,0.07742269990636606,0.08391276717748151,-0.43099380921602554,0.8156415118060258,0.30656891055962804,0.8621678104251707,-0.00012666024081356363,0.00124403522186206,0.08375623375853125,0.300350675097862,1.0,0.9983164983164983,0.9949494949494949
experiment_20241211_144311_run_0139,8,False,0.1,0.5,0.6,0.4,0.7550366841975809,0.24845201677118797,1.0,0.0,0,36,0.061728404637670674,0.0,-0.2449633158024192,0.5507540479482701,0.06172840463767068,1.0770329614269,0.00023011708035052745,0.0044667390440338885,0.26368002795847945,0.7196388669457969,1.0,1.0,0.9911616161616161
experiment_20241211_144311_run_0085,6,False,0.1,0.5,0.6,0.4,0.3289178619403572,0.17386272665969388,0.5225036496744556,0.4348446024727225,15,100,0.030228247721543432,0.18908982829966003,-0.19358578773409832,0.9375334322666268,0.2298659030053208,0.682316316348624,-0.0006495649564956497,-0.0006835649638537019,0.4819975314108598,0.4386274265052658,1.0,0.9983164983164983,0.9983164983164983
experiment_20241211_144311_run_0158,8,False,0.5,0.5,0.6,0.4,0.3621846110732736,0.19696107762002063,0.6618278569711282,0.3752398995319566,8,100,0.03879366609723979,0.14080498220075288,-0.29964324589785457,0.7829277446852951,0.20273491705649455,0.8771402396424413,-0.000276027602760276,0.00030870999315538026,0.22082208220822114,0.16874450259282184,1.0,0.9987373737373737,0.9974747474747475
experiment_20241211_144311_run_0119,8,True,0.3,0.3,0.6,0.4,0.5,0.0,0.6005312326697498,0.22694118580406913,0,100,0.0,0.051502301814157034,-0.10053123266974986,0.4551791717488136,0.051502301814157034,0.7830229881682912,0.0,0.0,0.0,0.0,0.0,1.0,1.0
experiment_20241211_144311_run_0027,4,False,0.1,0.3,0.6,0.4,0.7768061027587801,0.22399457383351984,0.75,0.4330127018922193,0,100,0.05017356910686017,0.1875,0.02680610275878012,0.5803723752156749,0.13945670533530757,0.9205976319760978,-1.40438769300504e-05,0.00036216734007198104,0.00014692649772987302,0.196008922026495,1.0,0.9949494949494949,0.9974747474747475
experiment_20241211_144311_run_0135,8,False,0.1,0.3,0.6,0.4,0.6249197160853344,0.2937657687574773,0.625,0.4841229182759271,100,100,0.08629832689367163,0.234375,-8.02839146655937e-05,0.9,0.33319542611332564,0.6154266812545583,-0.00013225399036992863,-1.9053329979961956e-05,0.06037680064923608,0.0013842848961592652,1.0,1.0,0.9974747474747475
experiment_20241211_144311_run_0070,6,True,0.3,0.7,0.6,0.4,0.5,0.0,0.49928284381966154,0.30409390799725255,0,100,0.0,0.09247310488104149,0.0007171561803384074,0.45057284898930805,0.09247310488104149,0.8621678104251709,0.0,0.0,0.0,0.0,0.0,1.0,1.0
experiment_20241211_144311_run_0089,6,False,0.1,0.7,0.6,0.4,0.6271941730107786,0.3983397615986023,1.0,0.0,100,19,0.1586745656704313,0.0,-0.3728058269892214,0.9182114015905402,0.1586745656704313,0.9392668535736908,0.00011459619620655233,0.003486638096117235,0.07352416722974774,0.5433369736151961,1.0,1.0,0.9949494949494949
experiment_20241211_144311_run_0123,8,True,0.3,0.7,0.6,0.4,0.5,0.0,0.8097321765944125,0.16385644935560645,0,0,0.0,0.02684893599542642,-0.3097321765944126,0.49893907893780376,0.02684893599542642,0.8771402396424416,0.0,0.0,0.0,0.0,0.0,1.0,1.0
experiment_20241211_144311_run_0066,6,True,0.3,0.5,0.6,0.4,0.5,0.0,0.5862104952735389,0.14862628418971155,0,0,0.0,0.022089772352040904,-0.08621049527353886,0.3938003173443628,0.022089772352040904,0.9392668535736912,0.0,0.0,0.0,0.0,0.0,1.0,1.0
experiment_20241211_144311_run_0031,4,False,0.1,0.5,0.6,0.4,0.5161428770883547,0.2920774952170445,0.5259114434712847,0.4755026448265162,1,100,0.08530926321226265,0.22610276523701203,-0.00976856638293,0.8963542261148612,0.4044781689858108,0.7314369419163895,5.49343990615346e-05,0.00041437431355610243,0.004677481366855766,0.3090970977720144,1.0,1.0,1.0
experiment_20241211_144311_run_0030,4,False,0.1,0.5,0.6,0.4,0.3380897307108607,0.39033445526543514,0.5728292297899131,0.43941217591853643,64,100,0.152360986967364,0.19308306034546283,-0.23473949907905242,0.9933248773215907,0.4680592586949007,0.7314369419163894,-0.0001620849635657159,-0.00036530643348794034,0.026766655602432503,0.27245720169748744,1.0,0.9848484848484849,1.0
experiment_20241211_144311_run_0088,6,False,0.1,0.7,0.6,0.4,0.450121051299557,0.27794109106136566,0.9131617452378281,0.19417624069566103,100,10,0.07725125010038236,0.03770441245069929,-0.46304069393827124,0.921966161958284,0.21045671902229027,0.8621678104251705,1.905027080500625e-05,0.0030300915824180916,0.046685439673057716,0.7540770296439886,1.0,1.0,0.9949494949494949
experiment_20241211_144311_run_0122,8,True,0.3,0.5,0.6,0.4,0.5,0.0,0.4331871471409803,0.3589013946918108,0,100,0.0,0.12881021111172697,0.0668128528590197,0.4998574700375922,0.12881021111172697,0.7830229881682913,0.0,0.0,0.0,0.0,0.0,1.0,1.0
experiment_20241211_144311_run_0067,6,True,0.3,0.5,0.6,0.4,0.5,0.0,0.6169366815740708,0.29586725423456084,0,100,0.0,0.08753743212829827,-0.11693668157407068,0.4994093803265266,0.08753743212829825,0.9392668535736913,0.0,0.0,0.0,0.0,0.0,1.0,1.0
experiment_20241211_144311_run_0134,8,True,0.5,0.7,0.6,0.4,0.5,0.0,0.5209252733603296,0.3210072536344338,0,100,0.0,0.1030456568859217,-0.020925273360329538,0.4693122606529718,0.1030456568859217,0.7830229881682912,0.0,0.0,0.0,0.0,0.0,1.0,1.0
experiment_20241211_144311_run_0071,6,True,0.3,0.7,0.6,0.4,0.5,0.0,0.4206619108463306,0.23615061810532834,0,100,0.0,0.05576711443152863,0.07933808915366934,0.45477342830782574,0.05576711443152863,0.6823163163486237,0.0,0.0,0.0,0.0,0.0,1.0,1.0
experiment_20241211_144311_run_0026,4,True,0.5,0.7,0.6,0.4,0.5,0.0,0.5812230057323395,0.30601658950072935,0,100,0.0,0.09364615304965788,-0.08122300573233951,0.47581758789852013,0.09364615304965788,0.9205976319760985,0.0,0.0,0.0,0.0,0.0,1.0,1.0
experiment_20241211_144311_run_0118,8,True,0.3,0.3,0.6,0.4,0.5,0.0,0.3691024824602062,0.12117267491650048,0,0,0.0,0.014682817146419905,0.13089751753979378,0.3413090986424332,0.014682817146419905,0.9620940702446923,0.0,0.0,0.0,0.0,0.0,1.0,1.0
experiment_20241211_144311_run_0159,8,False,0.5,0.7,0.6,0.4,0.4788545772564603,0.12752955730578897,0.5526324040302832,0.3748572954022932,3,100,0.01626378798661051,0.1405179919163221,-0.07377782677382286,0.5364619027160134,0.16123441730004903,0.7830229881682912,-0.00025315031503150316,4.7770367973116684e-05,0.10927351727978513,0.01455701242598814,1.0,0.9974747474747475,0.9962121212121213
experiment_20241211_144311_run_0084,6,False,0.1,0.5,0.6,0.4,0.2961834021061726,0.32889825459082384,0.5634379152728857,0.4546250435226412,100,100,0.10817406187289036,0.2066839301979634,-0.26725451316671306,0.9938239240313407,0.45712220295883793,0.9392668535736914,-0.00027506155879002836,0.002746067975713303,0.14474750473400247,0.8585032520311954,1.0,0.9949494949494949,0.9966329966329966
experiment_20241211_144311_run_0092,6,False,0.3,0.3,0.6,0.4,0.4546702161628115,0.08063593534734524,0.6666666666666666,0.4714045207910317,0,100,0.0065021540693412415,0.22222222222222224,-0.2119964505038552,0.6973979755250357,0.21898379503880697,0.8621678104251705,-0.001189918991899189,0.0010393516733307685,0.6084603818814062,0.3037304134946723,1.0,0.9983164983164983,0.9966329966329966
experiment_20241211_144311_run_0138,8,False,0.1,0.5,0.6,0.4,0.5299313480143749,0.2833989909196303,0.75,0.4330127018922193,0,100,0.08031498805426468,0.1875,-0.2200686519856251,0.8222365997633753,0.22118338134579513,0.5482928049865325,5.173014568290649e-06,0.003763174434940571,0.0001434912726068603,0.6564831222107655,1.0,0.9987373737373737,0.9936868686868687
experiment_20241211_144311_run_0051,4,False,0.5,0.7,0.6,0.4,0.4843332994002302,0.04118770765950283,0.6910544657418808,0.41042777793159385,1,100,0.0016964272622446684,0.1684509608978657,-0.20672116634165058,0.5652017755769217,0.20141677479498554,0.9205976319760982,-7.42574257425742e-05,-4.792254379324907e-06,0.029702970297029705,0.02970297029702941,1.0,0.9974747474747475,1.0
experiment_20241211_144311_run_0114,8,True,0.1,0.7,0.6,0.4,0.5,0.0,0.4677365300434172,0.3309376802815971,0,100,0.0,0.10951974823016458,0.03226346995658283,0.45493578009966296,0.10951974823016455,0.7314369419163897,0.0,0.0,0.0,0.0,0.0,1.0,1.0
experiment_20241211_144311_run_0006,4,True,0.1,0.7,0.6,0.4,0.5,0.0,0.6583574698619666,0.12614970395019687,0,0,0.0,0.015913747806722316,-0.1583574698619667,0.3631168051759368,0.015913747806722316,1.2134661099511599,0.0,0.0,0.0,0.0,0.0,1.0,1.0
experiment_20241211_144311_run_0143,8,False,0.1,0.7,0.6,0.4,0.2919549700310715,0.14278478068030942,0.6165092802482297,0.14313498154208615,0,0,0.020387493593924066,0.020487622941053343,-0.3245543102171582,0.7208344064003116,0.047922444410416376,0.7830229881682912,0.0,0.0,0.0,0.0,0.0,1.0,1.0
experiment_20241211_144311_run_0010,4,True,0.3,0.3,0.6,0.4,0.5,0.0,0.48313198137346486,0.3411514826251246,0,100,0.0,0.11638433409732071,0.016868018626535197,0.4841625957960798,0.11638433409732071,0.7314369419163894,0.0,0.0,0.0,0.0,0.0,1.0,1.0
experiment_20241211_144311_run_0155,8,False,0.5,0.3,0.6,0.4,0.479016439400789,0.25407402430576126,0.875,0.33071891388307384,100,100,0.06455360982692457,0.109375,-0.395983560599211,1.0,0.30417449997672735,1.0018732454756936,-0.0007988298829882989,0.0005652714323003405,0.3222552368873251,0.28315178056070467,1.0,0.9962121212121213,0.9974747474747475
experiment_20241211_144311_run_0047,4,False,0.5,0.3,0.6,0.4,0.5238595341214775,0.34791903719927786,0.75,0.4330127018922193,100,100,0.1210476564456725,0.1875,-0.22614046587852255,1.0,0.5466178893849337,0.9205976319760982,-3.432463551451009e-05,0.0003238160286660495,0.029702970297029802,0.1102463457914406,1.0,0.9974747474747475,0.994949494949495
experiment_20241211_144311_run_0102,6,False,0.5,0.5,0.6,0.4,0.21991381887586356,0.1603866162720886,0.3642290382291102,0.39894748087250637,1,100,0.025723866679210203,0.15915909249451884,-0.14431521935324662,0.7003248911443651,0.13073613303218082,0.6823163163486239,-2.8986320792003723e-05,1.4683306732958987e-06,0.029702970297029552,0.029702970297029698,1.0,0.9983164983164983,1.0
